,car_links
0,https://www.autoscout24.com/offers/audi-a4-ohne-tuev-gasoline-blue-64974514-31dc-4970-9ccd-740a5ccf5d25
1,https://www.autoscout24.com/offers/bmw-520-baureihe-5-limo-520i-gasoline-grey-c67ab94b-0654-4c02-9b99-0c776e378f5d
2,https://www.autoscout24.com/offers/ford-mondeo-turnier-trend-klimaanlage-cd-radio-diesel-red-a4a92ac6-70f1-487e-8573-6deb0cdf79c1
3,https://www.autoscout24.com/offers/mercedes-benz-a-160-160-avantgarde-ba-gasoline-7b62a2a6-2109-43b4-8131-7570c3a954ce
4,https://www.autoscout24.com/offers/opel-astra-g-lim-comfort-1-6-8v-sportpaket-gasoline-black-b55551ac-6ef9-4799-bc35-323a82a7ae1b
5,https://www.autoscout24.com/offers/audi-a4-avant-2-5-tdi-diesel-blue-9eb200af-f112-4c45-b752-7ec02802d462
6,https://www.autoscout24.com/offers/bmw-525-d-touring-aut-leder-diesel-blue-43c4d50b-f297-4b6a-906a-7c359ecb32c5
7,https://www.autoscout24.com/offers/ford-focus-1-4-ambiente-klimaanlage-defekt-gasoline-blue-a75ecf8a-45cf-4a52-93c1-2b90794e2111
8,https://www.autoscout24.com/offers/mercedes-benz-a-170-lamellendach-klima-gasoline-blue-ea870d54-abea-442e-8a62-1a596186d956
9,https://www.autoscout24.com/offers/opel-tigra-alu-allwetter-sportpaket-elektrische-fh-gasoline-blue-701f95c4-7232-4263-8479-ad462e6db426
10,https://www.autoscout24.com/offers/audi-a4-2-4-avant-klima-schiebedach-radio-ahk-gasoline-blue-ed843e33-f7d5-4267-8fc6-5f628d0aed34
11,https://www.autoscout24.com/offers/bmw-525-d-touring-aut-leder-diesel-blue-43c4d50b-f297-4b6a-906a-7c359ecb32c5
12,https://www.autoscout24.com/offers/ford-focus-1-4-ambiente-klimaanlage-defekt-gasoline-blue-a75ecf8a-45cf-4a52-93c1-2b90794e2111
13,https://www.autoscout24.com/offers/mercedes-benz-a-170-lamellendach-klima-gasoline-blue-ea870d54-abea-442e-8a62-1a596186d956
14,https://www.autoscout24.com/offers/opel-meriva-1-3-d-gps-airco-pdc-diesel-blue-15e56156-1d3d-4cce-9b08-fa45f0b32008
15,https://www.autoscout24.com/offers/audi-a6-2-8-bose-leder-gasoline-blue-f2992ab3-523c-44dc-9cf5-625dc2a64623
16,https://www.autoscout24.com/offers/bmw-320-da-touring-harman-kardon-dpf-pdc-klima-diesel-red-9c462881-ac67-4412-9033-849066734893
17,https://www.autoscout24.com/offers/ford-fiesta-1-3-style-klimaanlage-cd-radio-tuev-neu-gasoline-silver-58e7d39e-2ed6-40c6-9e31-5ca860efcf05
18,https://www.autoscout24.com/offers/mercedes-benz-c-270-cdi-avantgarde-pdc-bi-xenon-shz-tempomat-diesel-violet-bbc7b343-a56b-4785-96f9-492588bf728c
19,https://www.autoscout24.com/offers/opel-corsa-d-1-2-gas-lpg-navi-klima-pdc-touch-lpg-blue-e723446c-f86e-4534-ac71-177aad09720d
20,https://www.autoscout24.com/offers/audi-100-avant-2-6-e-quattro-2-hand-tuev07-2024-ahk-gasoline-red-1bc62c62-bbb8-46c2-a5db-c1badbb92f1b
21,https://www.autoscout24.com/offers/bmw-328-328i-coupe-gasoline-white-deb78858-9793-4562-95aa-cd066b86473b
22,https://www.autoscout24.com/offers/ford-focus-1-8tdci-trend-diesel-white-be2d59a9-55e5-417f-8c22-d18efb5d180b
23,https://www.autoscout24.com/offers/mercedes-benz-c-200-cdi-automatik-export-diesel-8129efff-e254-4d40-aaf8-970e6a542405
24,https://www.autoscout24.com/offers/opel-corsa-d-1-2-gas-lpg-navi-klima-pdc-touch-lpg-blue-e723446c-f86e-4534-ac71-177aad09720d
25,https://www.autoscout24.com/offers/audi-a4-ohne-tuev-gasoline-blue-64974514-31dc-4970-9ccd-740a5ccf5d25
26,https://www.autoscout24.com/offers/bmw-520-baureihe-5-limo-520i-gasoline-grey-c67ab94b-0654-4c02-9b99-0c776e378f5d
27,https://www.autoscout24.com/offers/ford-mondeo-turnier-trend-klimaanlage-cd-radio-diesel-red-a4a92ac6-70f1-487e-8573-6deb0cdf79c1
28,https://www.autoscout24.com/offers/mercedes-benz-a-160-160-avantgarde-ba-gasoline-7b62a2a6-2109-43b4-8131-7570c3a954ce
29,https://www.autoscout24.com/offers/opel-astra-g-lim-comfort-1-6-8v-sportpaket-gasoline-black-b55551ac-6ef9-4799-bc35-323a82a7ae1b
30,https://www.autoscout24.com/offers/audi-a4-avant-2-5-tdi-diesel-blue-9eb200af-f112-4c45-b752-7ec02802d462
31,https://www.autoscout24.com/offers/bmw-525-d-touring-aut-leder-diesel-blue-43c4d50b-f297-4b6a-906a-7c359ecb32c5
32,https://www.autoscout24.com/offers/ford-focus-1-4-ambiente-klimaanlage-defekt-gasoline-blue-a75ecf8a-45cf-4a52-93c1-2b90794e2111
33,https://www.autoscout24.com/offers/mercedes-benz-a-170-lamellendach-klima-gasoline-blue-ea870d54-abea-442e-8a62-1a596186d956
34,https://www.autoscout24.com/offers/opel-tigra-alu-allwetter-sportpaket-elektrische-fh-gasoline-blue-701f95c4-7232-4263-8479-ad462e6db426
35,https://www.autoscout24.com/offers/audi-a4-2-4-avant-klima-schiebedach-radio-ahk-gasoline-blue-ed843e33-f7d5-4267-8fc6-5f628d0aed34
36,https://www.autoscout24.com/offers/bmw-525-d-touring-aut-leder-diesel-blue-43c4d50b-f297-4b6a-906a-7c359ecb32c5
37,https://www.autoscout24.com/offers/ford-focus-1-4-ambiente-klimaanlage-defekt-gasoline-blue-a75ecf8a-45cf-4a52-93c1-2b90794e2111
38,https://www.autoscout24.com/offers/mercedes-benz-a-170-lamellendach-klima-gasoline-blue-ea870d54-abea-442e-8a62-1a596186d956
39,https://www.autoscout24.com/offers/opel-meriva-1-3-d-gps-airco-pdc-diesel-blue-15e56156-1d3d-4cce-9b08-fa45f0b32008
40,https://www.autoscout24.com/offers/audi-a6-2-8-bose-leder-gasoline-blue-f2992ab3-523c-44dc-9cf5-625dc2a64623
41,https://www.autoscout24.com/offers/bmw-320-da-touring-harman-kardon-dpf-pdc-klima-diesel-red-9c462881-ac67-4412-9033-849066734893
42,https://www.autoscout24.com/offers/ford-fiesta-1-3-style-klimaanlage-cd-radio-tuev-neu-gasoline-silver-58e7d39e-2ed6-40c6-9e31-5ca860efcf05
43,https://www.autoscout24.com/offers/mercedes-benz-c-270-cdi-avantgarde-pdc-bi-xenon-shz-tempomat-diesel-violet-bbc7b343-a56b-4785-96f9-492588bf728c
44,https://www.autoscout24.com/offers/opel-corsa-d-1-2-gas-lpg-navi-klima-pdc-touch-lpg-blue-e723446c-f86e-4534-ac71-177aad09720d
45,https://www.autoscout24.com/offers/audi-100-avant-2-6-e-quattro-2-hand-tuev07-2024-ahk-gasoline-red-1bc62c62-bbb8-46c2-a5db-c1badbb92f1b
46,https://www.autoscout24.com/offers/bmw-530-da-edition-exclusive-leder-navi-xenon-el-gsd-diesel-green-bc22b29c-ba4f-4b03-b15a-38047cb60535
47,https://www.autoscout24.com/offers/ford-focus-1-8tdci-trend-diesel-white-be2d59a9-55e5-417f-8c22-d18efb5d180b
48,https://www.autoscout24.com/offers/mercedes-benz-c-200-cdi-automatik-export-diesel-8129efff-e254-4d40-aaf8-970e6a542405
49,https://www.autoscout24.com/offers/opel-corsa-d-1-2-gas-lpg-navi-klima-pdc-touch-lpg-blue-e723446c-f86e-4534-ac71-177aad09720d
50,https://www.autoscout24.com/offers/audi-a4-ohne-tuev-gasoline-blue-64974514-31dc-4970-9ccd-740a5ccf5d25
51,https://www.autoscout24.com/offers/bmw-520-baureihe-5-limo-520i-gasoline-grey-c67ab94b-0654-4c02-9b99-0c776e378f5d
52,https://www.autoscout24.com/offers/ford-mondeo-turnier-trend-klimaanlage-cd-radio-diesel-red-a4a92ac6-70f1-487e-8573-6deb0cdf79c1
53,https://www.autoscout24.com/offers/mercedes-benz-a-160-160-avantgarde-ba-gasoline-7b62a2a6-2109-43b4-8131-7570c3a954ce
54,https://www.autoscout24.com/offers/opel-astra-g-lim-comfort-1-6-8v-sportpaket-gasoline-black-b55551ac-6ef9-4799-bc35-323a82a7ae1b
55,https://www.autoscout24.com/offers/audi-a3-1-9-tdi-110ch-ambition-3p-diesel-081fdb68-a889-4f21-9ae1-d7c19946a9b4
56,https://www.autoscout24.com/offers/bmw-525-d-touring-aut-leder-diesel-blue-43c4d50b-f297-4b6a-906a-7c359ecb32c5
57,https://www.autoscout24.com/offers/ford-focus-1-4-ambiente-klimaanlage-defekt-gasoline-blue-a75ecf8a-45cf-4a52-93c1-2b90794e2111
58,https://www.autoscout24.com/offers/mercedes-benz-a-170-lamellendach-klima-gasoline-blue-ea870d54-abea-442e-8a62-1a596186d956
59,https://www.autoscout24.com/offers/opel-tigra-alu-allwetter-sportpaket-elektrische-fh-gasoline-blue-701f95c4-7232-4263-8479-ad462e6db426
60,https://www.autoscout24.com/offers/audi-a4-2-4-avant-klima-schiebedach-radio-ahk-gasoline-blue-ed843e33-f7d5-4267-8fc6-5f628d0aed34
61,https://www.autoscout24.com/offers/bmw-525-d-touring-aut-leder-diesel-blue-43c4d50b-f297-4b6a-906a-7c359ecb32c5
62,https://www.autoscout24.com/offers/ford-focus-1-4-ambiente-klimaanlage-defekt-gasoline-blue-a75ecf8a-45cf-4a52-93c1-2b90794e2111
63,https://www.autoscout24.com/offers/mercedes-benz-a-170-lamellendach-klima-gasoline-blue-ea870d54-abea-442e-8a62-1a596186d956
64,https://www.autoscout24.com/offers/opel-meriva-1-3-d-gps-airco-pdc-diesel-blue-15e56156-1d3d-4cce-9b08-fa45f0b32008
65,https://www.autoscout24.com/offers/audi-a6-2-8-bose-leder-gasoline-blue-f2992ab3-523c-44dc-9cf5-625dc2a64623
66,https://www.autoscout24.com/offers/bmw-z3-roadster-1-9-gasoline-grey-9a5d364b-2bb4-4dfd-84c5-1cd679b5f104
67,https://www.autoscout24.com/offers/ford-fiesta-1-3-style-klimaanlage-cd-radio-tuev-neu-gasoline-silver-58e7d39e-2ed6-40c6-9e31-5ca860efcf05
68,https://www.autoscout24.com/offers/mercedes-benz-a-180-a-klasse-a-180-cdi-diesel-black-2fc51030-c0ff-46c5-ba4a-81997a78959f
69,https://www.autoscout24.com/offers/opel-corsa-d-1-2-gas-lpg-navi-klima-pdc-touch-lpg-blue-e723446c-f86e-4534-ac71-177aad09720d
70,https://www.autoscout24.com/offers/audi-100-avant-2-6-e-quattro-2-hand-tuev07-2024-ahk-gasoline-red-1bc62c62-bbb8-46c2-a5db-c1badbb92f1b
71,https://www.autoscout24.com/offers/bmw-328-328i-coupe-gasoline-white-deb78858-9793-4562-95aa-cd066b86473b
72,https://www.autoscout24.com/offers/ford-focus-1-8tdci-trend-diesel-white-be2d59a9-55e5-417f-8c22-d18efb5d180b
73,https://www.autoscout24.com/offers/mercedes-benz-c-200-cdi-automatik-export-diesel-8129efff-e254-4d40-aaf8-970e6a542405
74,https://www.autoscout24.com/offers/opel-corsa-d-1-2-gas-lpg-navi-klima-pdc-touch-lpg-blue-e723446c-f86e-4534-ac71-177aad09720d
75,https://www.autoscout24.com/offers/audi-a4-ohne-tuev-gasoline-blue-64974514-31dc-4970-9ccd-740a5ccf5d25
76,https://www.autoscout24.com/offers/bmw-520-baureihe-5-limo-520i-gasoline-grey-c67ab94b-0654-4c02-9b99-0c776e378f5d
77,https://www.autoscout24.com/offers/ford-mondeo-turnier-trend-klimaanlage-cd-radio-diesel-red-a4a92ac6-70f1-487e-8573-6deb0cdf79c1
78,https://www.autoscout24.com/offers/mercedes-benz-a-160-160-avantgarde-ba-gasoline-7b62a2a6-2109-43b4-8131-7570c3a954ce
79,https://www.autoscout24.com/offers/opel-astra-g-lim-comfort-1-6-8v-sportpaket-gasoline-black-b55551ac-6ef9-4799-bc35-323a82a7ae1b
80,https://www.autoscout24.com/offers/audi-a3-1-9-tdi-110ch-ambition-3p-diesel-081fdb68-a889-4f21-9ae1-d7c19946a9b4
81,https://www.autoscout24.com/offers/bmw-525-d-touring-aut-leder-diesel-blue-43c4d50b-f297-4b6a-906a-7c359ecb32c5
82,https://www.autoscout24.com/offers/ford-focus-1-4-ambiente-klimaanlage-defekt-gasoline-blue-a75ecf8a-45cf-4a52-93c1-2b90794e2111
83,https://www.autoscout24.com/offers/mercedes-benz-a-170-lamellendach-klima-gasoline-blue-ea870d54-abea-442e-8a62-1a596186d956
84,https://www.autoscout24.com/offers/opel-tigra-alu-allwetter-sportpaket-elektrische-fh-gasoline-blue-701f95c4-7232-4263-8479-ad462e6db426
85,https://www.autoscout24.com/offers/audi-a4-2-4-avant-klima-schiebedach-radio-ahk-gasoline-blue-ed843e33-f7d5-4267-8fc6-5f628d0aed34
86,https://www.autoscout24.com/offers/bmw-525-d-touring-aut-leder-diesel-blue-43c4d50b-f297-4b6a-906a-7c359ecb32c5
87,https://www.autoscout24.com/offers/ford-focus-1-4-ambiente-klimaanlage-defekt-gasoline-blue-a75ecf8a-45cf-4a52-93c1-2b90794e2111
88,https://www.autoscout24.com/offers/mercedes-benz-e-300-d-diesel-silver-8df88570-9264-4ee7-80c2-7f65025892e6
89,https://www.autoscout24.com/offers/opel-meriva-1-3-d-gps-airco-pdc-diesel-blue-15e56156-1d3d-4cce-9b08-fa45f0b32008
90,https://www.autoscout24.com/offers/audi-a6-2-8-bose-leder-gasoline-blue-f2992ab3-523c-44dc-9cf5-625dc2a64623
91,https://www.autoscout24.com/offers/bmw-z3-roadster-1-9-gasoline-grey-9a5d364b-2bb4-4dfd-84c5-1cd679b5f104
92,https://www.autoscout24.com/offers/ford-escort-1-6-xr3i-gasoline-red-c3a04a0b-ee30-48d3-8cfe-bd1c00f3401e
93,https://www.autoscout24.com/offers/mercedes-benz-c-270-cdi-avantgarde-pdc-bi-xenon-shz-tempomat-diesel-violet-bbc7b343-a56b-4785-96f9-492588bf728c
94,https://www.autoscout24.com/offers/opel-corsa-d-1-2-gas-lpg-navi-klima-pdc-touch-lpg-blue-e723446c-f86e-4534-ac71-177aad09720d
95,https://www.autoscout24.com/offers/audi-100-avant-2-6-e-quattro-2-hand-tuev07-2024-ahk-gasoline-red-1bc62c62-bbb8-46c2-a5db-c1badbb92f1b
96,https://www.autoscout24.com/offers/bmw-328-328i-coupe-gasoline-white-deb78858-9793-4562-95aa-cd066b86473b
97,https://www.autoscout24.com/offers/ford-focus-1-8tdci-trend-diesel-white-be2d59a9-55e5-417f-8c22-d18efb5d180b
98,https://www.autoscout24.com/offers/mercedes-benz-c-200-cdi-automatik-export-diesel-8129efff-e254-4d40-aaf8-970e6a542405
99,https://www.autoscout24.com/offers/opel-frontera-2-2dti-sport-diesel-grey-5e9e4ab1-3fc4-4039-b852-60713e254dd3
100,https://www.autoscout24.com/offers/audi-a4-ohne-tuev-gasoline-blue-64974514-31dc-4970-9ccd-740a5ccf5d25
101,https://www.autoscout24.com/offers/bmw-520-baureihe-5-limo-520i-gasoline-grey-c67ab94b-0654-4c02-9b99-0c776e378f5d
102,https://www.autoscout24.com/offers/ford-mondeo-turnier-trend-klimaanlage-cd-radio-diesel-red-a4a92ac6-70f1-487e-8573-6deb0cdf79c1
103,https://www.autoscout24.com/offers/mercedes-benz-a-160-160-avantgarde-ba-gasoline-7b62a2a6-2109-43b4-8131-7570c3a954ce
104,https://www.autoscout24.com/offers/opel-astra-g-lim-comfort-1-6-8v-sportpaket-gasoline-black-b55551ac-6ef9-4799-bc35-323a82a7ae1b
105,https://www.autoscout24.com/offers/audi-a4-ohne-tuev-gasoline-blue-64974514-31dc-4970-9ccd-740a5ccf5d25
106,https://www.autoscout24.com/offers/bmw-525-d-touring-aut-leder-diesel-blue-43c4d50b-f297-4b6a-906a-7c359ecb32c5
107,https://www.autoscout24.com/offers/ford-focus-1-4-ambiente-klimaanlage-defekt-gasoline-blue-a75ecf8a-45cf-4a52-93c1-2b90794e2111
108,https://www.autoscout24.com/offers/mercedes-benz-a-170-lamellendach-klima-gasoline-blue-ea870d54-abea-442e-8a62-1a596186d956
109,https://www.autoscout24.com/offers/opel-tigra-alu-allwetter-sportpaket-elektrische-fh-gasoline-blue-701f95c4-7232-4263-8479-ad462e6db426
110,https://www.autoscout24.com/offers/audi-a4-2-4-avant-klima-schiebedach-radio-ahk-gasoline-blue-ed843e33-f7d5-4267-8fc6-5f628d0aed34
111,https://www.autoscout24.com/offers/bmw-525-d-touring-aut-leder-diesel-blue-43c4d50b-f297-4b6a-906a-7c359ecb32c5
112,https://www.autoscout24.com/offers/ford-focus-1-4-ambiente-klimaanlage-defekt-gasoline-blue-a75ecf8a-45cf-4a52-93c1-2b90794e2111
113,https://www.autoscout24.com/offers/mercedes-benz-e-300-d-diesel-silver-8df88570-9264-4ee7-80c2-7f65025892e6
114,https://www.autoscout24.com/offers/opel-meriva-1-3-d-gps-airco-pdc-diesel-blue-15e56156-1d3d-4cce-9b08-fa45f0b32008
115,https://www.autoscout24.com/offers/audi-a6-2-8-bose-leder-gasoline-blue-f2992ab3-523c-44dc-9cf5-625dc2a64623
116,https://www.autoscout24.com/offers/bmw-z3-roadster-1-9-gasoline-grey-9a5d364b-2bb4-4dfd-84c5-1cd679b5f104
117,https://www.autoscout24.com/offers/ford-escort-1-6-xr3i-gasoline-red-c3a04a0b-ee30-48d3-8cfe-bd1c00f3401e
118,https://www.autoscout24.com/offers/mercedes-benz-e-220-cdi-2-2-classic-klimaaut-ahk-diesel-red-3c9c27be-0795-4a55-ae77-64d2cb857552
119,https://www.autoscout24.com/offers/opel-meriva-1-3-d-gps-airco-pdc-diesel-blue-15e56156-1d3d-4cce-9b08-fa45f0b32008
120,https://www.autoscout24.com/offers/audi-a6-2-8-bose-leder-gasoline-blue-f2992ab3-523c-44dc-9cf5-625dc2a64623
121,https://www.autoscout24.com/offers/bmw-328-328i-coupe-gasoline-white-deb78858-9793-4562-95aa-cd066b86473b
122,https://www.autoscout24.com/offers/ford-focus-1-8tdci-trend-diesel-white-be2d59a9-55e5-417f-8c22-d18efb5d180b
123,https://www.autoscout24.com/offers/mercedes-benz-e-220-cdi-2-2-classic-klimaaut-ahk-diesel-red-3c9c27be-0795-4a55-ae77-64d2cb857552
124,https://www.autoscout24.com/offers/opel-frontera-2-2dti-sport-diesel-grey-5e9e4ab1-3fc4-4039-b852-60713e254dd3
